{"train_loss": [1.402276933384125, 0.7742832049889721, 0.5479005712641117, 0.4163589427900345, 0.3400022605914935, 0.2716765535099242, 0.24623536746674513, 0.2214158881410317, 0.1985901335802008, 0.15964952151814307, 0.2011055980906282, 0.10416651930967864, 0.09471625746403803, 0.07571807817999252, 0.07163077462070802, 0.05919063671072617, 0.05498795710208132, 0.04853618752466685, 0.04702500118483228, 0.048481414820056246, 0.03700368988108723, 0.038575364800001816, 0.04312969718491187, 0.03509041346659708, 0.031044340475291147, 0.033199635087909185, 0.028171456770340195, 0.02755222422196688, 0.023269812620622582, 0.024056109002254984, 0.028978532943266046, 0.024119692786866983, 0.026193563145043033], "val_loss": [0.980800835874893, 0.5179113460922187, 0.41036060298956367, 0.4096867978885673, 0.3430704654594316, 0.36678879139601145, 0.2843413340354567, 0.23368201153806023, 0.24197109495981625, 0.2746440206726759, 0.2775523973950713, 0.19151846526573504, 0.1915518968495348, 0.22826331686651277, 0.2017554622207281, 0.17897638051063186, 0.17273359107876113, 0.18288769209519415, 0.17413079053727312, 0.17582082801798896, 0.17546697618707238, 0.17235211590735236, 0.1626908225863303, 0.16607454361288163, 0.17085728014533638, 0.1719973824818078, 0.16623456546717646, 0.1717155167907038, 0.17672148384093112, 0.17094836861094745, 0.16563573649810165, 0.16584907843594873, 0.16523326328694873], "train_acc": [0.533472133247918, 0.755285073670724, 0.8289557975656631, 0.8689942344650865, 0.8960602178090967, 0.91944266495836, 0.9239269698910955, 0.9300128122998078, 0.9372197309417041, 0.948750800768738, 0.938821268417681, 0.968609865470852, 0.9713324791800129, 0.9774183215887252, 0.9778987828315182, 0.982703395259449, 0.9849455477258168, 0.9852658552210122, 0.986386931454196, 0.9847853939782191, 0.9887892376681614, 0.9875080076873799, 0.9883087764253684, 0.9899103139013453, 0.9899103139013453, 0.9903907751441384, 0.9911915438821268, 0.990550928891736, 0.9935938500960922, 0.9932735426008968, 0.9913516976297245, 0.9931133888532991, 0.9923126201153107], "val_acc": [0.672272945699183, 0.8337337818356559, 0.8827486785199423, 0.8808265257087938, 0.9000480538202787, 0.9010091302258529, 0.921191734742912, 0.9399327246516098, 0.9341662662181643, 0.9293608841902932, 0.9341662662181643, 0.9548294089380106, 0.9538683325324363, 0.9432964920711197, 0.9581931763575204, 0.9601153291686689, 0.9610764055742431, 0.9586737145603076, 0.964440172993753, 0.964440172993753, 0.9649207111965401, 0.9620374819798174, 0.9634790965881788, 0.9658817876021144, 0.9639596347909659, 0.9663623258049014, 0.964440172993753, 0.9639596347909659, 0.9649207111965401, 0.9663623258049014, 0.9658817876021144, 0.964440172993753, 0.9673234022104757]}