{"train_loss": [2.1306443507666772, 2.0208222659866752, 1.980861014849402, 1.950240133665526, 1.9079008065760708, 1.8668143255904575, 1.8361190808728136, 1.7966169313617733, 1.7633607938914326, 1.7446405908986593, 1.7133702168779295, 1.6425672912353282, 1.6622988845506286, 1.6494000906519672, 1.566265698200155, 1.5770779662526317, 1.5517183101612508, 1.5590273361798666, 1.4973945443558434, 1.5085160649028977, 1.474128893290782, 1.4697654397727433, 1.4654678766884763, 1.4613371391772918, 1.3603035320768289, 1.3565050145893964, 1.3749254668545525, 1.3778758850103765, 1.3845550286930237, 1.3151460117746974, 1.33566777160884, 1.3156687729179974, 1.3290408292235203, 1.2665524206277576, 1.2645073036289154, 1.320250509794823, 1.2867083607538627, 1.3141394475573993, 1.319805578266024, 1.2426170042735656, 1.2587119964817104, 1.2449242478758, 1.2460103961307982, 1.253348889983212, 1.2697713133007344, 1.2574241552346797, 1.1990468500517333, 1.1997831240439552, 1.211172398201248, 1.145455236163069, 1.1727157920541709, 1.191940884953657, 1.1983075569563382, 1.2148705208477188, 1.164959485946291, 1.163698602455843, 1.1868223955354806, 1.1584525245798467, 1.1160918699480797, 1.1680070297753178, 1.1749233777976662, 1.1674783898423224, 1.1780743467586305, 1.158856980851031, 1.1262310026243358, 1.168213913182583, 1.1841479144670657, 1.1395559949343361, 1.1100522564589252, 1.1702668829120022, 1.1504511061881613, 1.1444287960686643, 1.1523585403523027, 1.1683074808670573, 1.1221801224310837, 1.1896759780227641, 1.1477572355875214, 1.2079353956440029, 1.1578888403613319, 1.1106139951451783, 1.1948062802338586, 1.1258427426266715, 1.1255905489215936], "val_loss": [1.983127122198029, 2.0212631982888585, 1.7409474119894897, 1.744435345536525, 1.7140106632410477, 1.8869782270920041, 2.2221205323891593, 1.6363164137212889, 1.5775986723118478, 1.5141856814450452, 1.3722748538154297, 1.4530713219358506, 1.3554127039329642, 1.2945707429492204, 1.2891088440863918, 1.2436436479450246, 1.2676264244681765, 1.3774951781463531, 1.1311618535636652, 1.1702144625437827, 1.025893274406468, 1.0828693949047732, 1.1386911388717553, 1.1432148915308706, 0.966560655749228, 0.9595240109359799, 0.937741237154149, 0.9556565781673063, 0.9084351889678115, 0.9084429984651811, 0.9088705728284331, 0.9004009003137408, 0.8954762150495457, 0.875672259965463, 0.9184731271964663, 0.8641809807094114, 0.8392248015344171, 0.8483444587191041, 0.8822827524774525, 0.8278570198084746, 0.8397628374250963, 0.815288070873937, 0.8824499104814653, 0.8201777487635211, 0.8334360532838527, 0.776496367062702, 0.791288528747137, 0.7794220884335493, 0.7856388907201126, 0.7533265515223883, 0.7658210204003923, 0.7560812175875383, 0.7531327813477083, 0.7589593320325955, 0.7596348276051234, 0.7759160091818553, 0.7443182754550972, 0.7584812444371137, 0.7427557859782815, 0.7367434403118407, 0.7444734449629483, 0.7367451730283162, 0.7515745416161878, 0.7333600389619449, 0.7488744511219356, 0.7255983915196079, 0.7322155905136519, 0.7331285517929496, 0.7443073389909406, 0.7580404287344673, 0.7443233018365977, 0.7384301168250671, 0.7255909950443324, 0.7392047338907333, 0.7462041107064998, 0.739941431718741, 0.7452030267811692, 0.7564273285270023, 0.7329115747889895, 0.7374399895280785, 0.737710485488162, 0.7459108061311567, 0.7403182111240132], "train_acc": [0.244762542193567, 0.3182709355062494, 0.34013004205976516, 0.3623101391621672, 0.3829336494667535, 0.40158957254576605, 0.41897281977433004, 0.4405361002429678, 0.454423165882104, 0.46597858306218876, 0.48526606907427045, 0.5187093129812782, 0.5072131810313415, 0.5140594760510906, 0.5516794624114657, 0.5409016124867629, 0.5589691231132906, 0.5542120084515828, 0.5888363511368874, 0.5802867819433184, 0.5949800105294958, 0.5944495395426548, 0.6014701983802409, 0.6051856912738266, 0.6492138958502202, 0.6494229773082157, 0.6404730141701339, 0.6397866441579837, 0.638796047138927, 0.6645595875356669, 0.6613271285076532, 0.6690797942810814, 0.6596573909933126, 0.6911096610654394, 0.6949100632780943, 0.6663398712253561, 0.6774121460173198, 0.6606878508980867, 0.6643114890294681, 0.7062200662891484, 0.691578210362561, 0.6985662230639366, 0.6972303136776612, 0.6944628386618501, 0.6852042150515516, 0.6885923911700128, 0.7169885290133629, 0.7169449252915453, 0.7065966842199125, 0.7425556244453858, 0.7334579333915656, 0.7232046303992649, 0.7167521158322192, 0.7034942766995091, 0.7298367434012162, 0.7375969802183566, 0.7168907246620021, 0.7359772109541483, 0.7576750178896231, 0.7311024259309342, 0.7252134083158613, 0.7269921982245814, 0.7254598151470311, 0.7277115590916262, 0.7482426528702254, 0.7272913821247992, 0.7177557738592315, 0.7418655678584092, 0.7582507268201963, 0.7250900437123722, 0.743625174810675, 0.7472058539718537, 0.7308866543769775, 0.7286855457770076, 0.7511700326701388, 0.7194398108153212, 0.740610092831976, 0.7059776843678094, 0.7312623977436712, 0.7567025154096912, 0.7145270460917988, 0.7472394257415693, 0.7460116814182426], "val_acc": [0.3407015857760692, 0.32388274867851996, 0.470446900528592, 0.46756367131186927, 0.4565112926477655, 0.41950985103315713, 0.3176357520422874, 0.49495434887073525, 0.5285920230658337, 0.565112926477655, 0.6314271984622778, 0.5804901489668428, 0.6251802018260452, 0.6794810187409899, 0.6698702546852475, 0.6929360884190293, 0.6689091782796732, 0.6424795771263816, 0.7414704469005285, 0.7318596828447862, 0.7996155694377703, 0.7683805862566074, 0.7414704469005285, 0.7265737626141279, 0.8149927919269582, 0.8250840941854878, 0.8409418548774628, 0.826045170591062, 0.8481499279192696, 0.8548774627582892, 0.8510331571359923, 0.8462277751081211, 0.8529553099471407, 0.8630466122056704, 0.8553580009610764, 0.8683325324363287, 0.8817876021143681, 0.8707352234502643, 0.8553580009610764, 0.8721768380586257, 0.8784238346948583, 0.8784238346948583, 0.8567996155694377, 0.8942815953868333, 0.8822681403171552, 0.9043728976453628, 0.8990869774147044, 0.8986064392119173, 0.9029312830370014, 0.9077366650648726, 0.9135031234983181, 0.9135031234983181, 0.913022585295531, 0.9111004324843825, 0.9144641999038924, 0.9125420470927439, 0.9154252763094666, 0.9202306583373379, 0.9159058145122537, 0.9192695819317636, 0.9245555021624219, 0.9183085055261894, 0.9245555021624219, 0.9231138875540605, 0.9139836617011052, 0.9279192695819317, 0.9235944257568477, 0.9274387313791447, 0.9139836617011052, 0.9168668909178279, 0.9221528111484864, 0.9255165785679962, 0.9240749639596348, 0.9245555021624219, 0.9231138875540605, 0.9240749639596348, 0.9173474291206151, 0.9173474291206151, 0.9197501201345507, 0.9231138875540605, 0.9279192695819317, 0.9221528111484864, 0.9187890437289764]}